"","parent_key"
"1","DB00006"
"2","DB00007"
"3","DB00014"
"4","DB00027"
"5","DB00035"
"6","DB00067"
"7","DB00080"
"8","DB00091"
"9","DB00115"
"10","DB00116"
"11","DB00118"
"12","DB00120"
"13","DB00122"
"14","DB00126"
"15","DB00127"
"16","DB00136"
"17","DB00139"
"18","DB00140"
"19","DB00142"
"20","DB00146"
"21","DB00150"
"22","DB00152"
"23","DB00153"
"24","DB00155"
"25","DB00158"
"26","DB00159"
"27","DB00162"
"28","DB00163"
"29","DB00165"
"30","DB00166"
"31","DB00168"
"32","DB00169"
"33","DB00173"
"34","DB00175"
"35","DB00176"
"36","DB00177"
"37","DB00178"
"38","DB00179"
"39","DB00180"
"40","DB00181"
"41","DB00182"
"42","DB00184"
"43","DB00185"
"44","DB00186"
"45","DB00187"
"46","DB00188"
"47","DB00189"
"48","DB00190"
"49","DB00191"
"50","DB00193"
"51","DB00195"
"52","DB00196"
"53","DB00197"
"54","DB00198"
"55","DB00199"
"56","DB00200"
"57","DB00201"
"58","DB00202"
"59","DB00203"
"60","DB00204"
"61","DB00205"
"62","DB00206"
"63","DB00207"
"64","DB00208"
"65","DB00209"
"66","DB00210"
"67","DB00211"
"68","DB00212"
"69","DB00213"
"70","DB00214"
"71","DB00215"
"72","DB00216"
"73","DB00217"
"74","DB00218"
"75","DB00219"
"76","DB00220"
"77","DB00221"
"78","DB00222"
"79","DB00223"
"80","DB00224"
"81","DB00225"
"82","DB00226"
"83","DB00227"
"84","DB00228"
"85","DB00229"
"86","DB00230"
"87","DB00231"
"88","DB00232"
"89","DB00233"
"90","DB00234"
"91","DB00235"
"92","DB00236"
"93","DB00237"
"94","DB00238"
"95","DB00239"
"96","DB00240"
"97","DB00241"
"98","DB00242"
"99","DB00243"
"100","DB00244"
"101","DB00245"
"102","DB00246"
"103","DB00247"
"104","DB00248"
"105","DB00250"
"106","DB00252"
"107","DB00253"
"108","DB00254"
"109","DB00255"
"110","DB00256"
"111","DB00257"
"112","DB00258"
"113","DB00259"
"114","DB00260"
"115","DB00261"
"116","DB00262"
"117","DB00263"
"118","DB00264"
"119","DB00266"
"120","DB00267"
"121","DB00268"
"122","DB00269"
"123","DB00270"
"124","DB00271"
"125","DB00273"
"126","DB00274"
"127","DB00275"
"128","DB00276"
"129","DB00277"
"130","DB00278"
"131","DB00279"
"132","DB00280"
"133","DB00281"
"134","DB00282"
"135","DB00283"
"136","DB00284"
"137","DB00285"
"138","DB00287"
"139","DB00288"
"140","DB00289"
"141","DB00290"
"142","DB00291"
"143","DB00292"
"144","DB00293"
"145","DB00294"
"146","DB00295"
"147","DB00296"
"148","DB00297"
"149","DB00298"
"150","DB00299"
"151","DB00300"
"152","DB00301"
"153","DB00302"
"154","DB00303"
"155","DB00304"
"156","DB00305"
"157","DB00306"
"158","DB00307"
"159","DB00308"
"160","DB00309"
"161","DB00310"
"162","DB00311"
"163","DB00312"
"164","DB00313"
"165","DB00314"
"166","DB00315"
"167","DB00316"
"168","DB00317"
"169","DB00318"
"170","DB00319"
"171","DB00320"
"172","DB00321"
"173","DB00322"
"174","DB00323"
"175","DB00324"
"176","DB00325"
"177","DB00326"
"178","DB00327"
"179","DB00328"
"180","DB00330"
"181","DB00331"
"182","DB00332"
"183","DB00333"
"184","DB00334"
"185","DB00335"
"186","DB00337"
"187","DB00338"
"188","DB00339"
"189","DB00340"
"190","DB00341"
"191","DB00342"
"192","DB00343"
"193","DB00344"
"194","DB00345"
"195","DB00346"
"196","DB00347"
"197","DB00349"
"198","DB00350"
"199","DB00351"
"200","DB00352"
"201","DB00353"
"202","DB00354"
"203","DB00355"
"204","DB00356"
"205","DB00357"
"206","DB00358"
"207","DB00359"
"208","DB00360"
"209","DB00361"
"210","DB00362"
"211","DB00363"
"212","DB00364"
"213","DB00365"
"214","DB00366"
"215","DB00367"
"216","DB00368"
"217","DB00369"
"218","DB00370"
"219","DB00371"
"220","DB00372"
"221","DB00373"
"222","DB00374"
"223","DB00376"
"224","DB00377"
"225","DB00378"
"226","DB00379"
"227","DB00380"
"228","DB00381"
"229","DB00382"
"230","DB00383"
"231","DB00384"
"232","DB00385"
"233","DB00387"
"234","DB00388"
"235","DB00389"
"236","DB00390"
"237","DB00391"
"238","DB00392"
"239","DB00393"
"240","DB00394"
"241","DB00395"
"242","DB00396"
"243","DB00397"
"244","DB00398"
"245","DB00399"
"246","DB00400"
"247","DB00401"
"248","DB00402"
"249","DB00404"
"250","DB00405"
"251","DB00408"
"252","DB00409"
"253","DB00410"
"254","DB00411"
"255","DB00412"
"256","DB00413"
"257","DB00414"
"258","DB00415"
"259","DB00416"
"260","DB00417"
"261","DB00418"
"262","DB00420"
"263","DB00421"
"264","DB00422"
"265","DB00423"
"266","DB00424"
"267","DB00425"
"268","DB00427"
"269","DB00428"
"270","DB00429"
"271","DB00430"
"272","DB00432"
"273","DB00433"
"274","DB00434"
"275","DB00435"
"276","DB00436"
"277","DB00437"
"278","DB00438"
"279","DB00439"
"280","DB00440"
"281","DB00441"
"282","DB00442"
"283","DB00443"
"284","DB00444"
"285","DB00445"
"286","DB00446"
"287","DB00447"
"288","DB00448"
"289","DB00449"
"290","DB00450"
"291","DB00451"
"292","DB00452"
"293","DB00453"
"294","DB00454"
"295","DB00455"
"296","DB00456"
"297","DB00457"
"298","DB00458"
"299","DB00459"
"300","DB00460"
"301","DB00461"
"302","DB00462"
"303","DB00463"
"304","DB00465"
"305","DB00467"
"306","DB00468"
"307","DB00469"
"308","DB00470"
"309","DB00471"
"310","DB00472"
"311","DB00474"
"312","DB00475"
"313","DB00476"
"314","DB00477"
"315","DB00479"
"316","DB00480"
"317","DB00481"
"318","DB00482"
"319","DB00483"
"320","DB00484"
"321","DB00485"
"322","DB00486"
"323","DB00487"
"324","DB00488"
"325","DB00489"
"326","DB00490"
"327","DB00491"
"328","DB00492"
"329","DB00493"
"330","DB00494"
"331","DB00495"
"332","DB00496"
"333","DB00497"
"334","DB00498"
"335","DB00499"
"336","DB00500"
"337","DB00501"
"338","DB00502"
"339","DB00503"
"340","DB00505"
"341","DB00508"
"342","DB00511"
"343","DB00512"
"344","DB00514"
"345","DB00515"
"346","DB00517"
"347","DB00518"
"348","DB00519"
"349","DB00520"
"350","DB00521"
"351","DB00523"
"352","DB00524"
"353","DB00526"
"354","DB00527"
"355","DB00528"
"356","DB00529"
"357","DB00530"
"358","DB00531"
"359","DB00532"
"360","DB00533"
"361","DB00535"
"362","DB00536"
"363","DB00537"
"364","DB00539"
"365","DB00540"
"366","DB00541"
"367","DB00542"
"368","DB00543"
"369","DB00544"
"370","DB00545"
"371","DB00546"
"372","DB00547"
"373","DB00548"
"374","DB00549"
"375","DB00550"
"376","DB00551"
"377","DB00552"
"378","DB00553"
"379","DB00554"
"380","DB00555"
"381","DB00556"
"382","DB00557"
"383","DB00558"
"384","DB00559"
"385","DB00560"
"386","DB00561"
"387","DB00562"
"388","DB00563"
"389","DB00564"
"390","DB00565"
"391","DB00567"
"392","DB00568"
"393","DB00569"
"394","DB00570"
"395","DB00571"
"396","DB00572"
"397","DB00573"
"398","DB00574"
"399","DB00575"
"400","DB00576"
"401","DB00577"
"402","DB00578"
"403","DB00579"
"404","DB00580"
"405","DB00581"
"406","DB00582"
"407","DB00583"
"408","DB00584"
"409","DB00585"
"410","DB00586"
"411","DB00588"
"412","DB00589"
"413","DB00590"
"414","DB00591"
"415","DB00592"
"416","DB00593"
"417","DB00594"
"418","DB00595"
"419","DB00596"
"420","DB00597"
"421","DB00598"
"422","DB00599"
"423","DB00601"
"424","DB00602"
"425","DB00603"
"426","DB00604"
"427","DB00605"
"428","DB00606"
"429","DB00607"
"430","DB00608"
"431","DB00609"
"432","DB00610"
"433","DB00611"
"434","DB00612"
"435","DB00613"
"436","DB00614"
"437","DB00615"
"438","DB00616"
"439","DB00617"
"440","DB00618"
"441","DB00619"
"442","DB00620"
"443","DB00621"
"444","DB00622"
"445","DB00623"
"446","DB00624"
"447","DB00625"
"448","DB00626"
"449","DB00627"
"450","DB00628"
"451","DB00629"
"452","DB00630"
"453","DB00631"
"454","DB00633"
"455","DB00634"
"456","DB00635"
"457","DB00636"
"458","DB00637"
"459","DB00640"
"460","DB00641"
"461","DB00642"
"462","DB00643"
"463","DB00645"
"464","DB00646"
"465","DB00647"
"466","DB00648"
"467","DB00649"
"468","DB00650"
"469","DB00651"
"470","DB00652"
"471","DB00653"
"472","DB00654"
"473","DB00655"
"474","DB00656"
"475","DB00657"
"476","DB00658"
"477","DB00659"
"478","DB00660"
"479","DB00661"
"480","DB00662"
"481","DB00663"
"482","DB00664"
"483","DB00665"
"484","DB00666"
"485","DB00668"
"486","DB00669"
"487","DB00670"
"488","DB00671"
"489","DB00672"
"490","DB00673"
"491","DB00674"
"492","DB00675"
"493","DB00677"
"494","DB00678"
"495","DB00679"
"496","DB00680"
"497","DB00681"
"498","DB00682"
"499","DB00683"
"500","DB00684"
"501","DB00685"
"502","DB00686"
"503","DB00687"
"504","DB00688"
"505","DB00689"
"506","DB00690"
"507","DB00691"
"508","DB00692"
"509","DB00693"
"510","DB00694"
"511","DB00695"
"512","DB00696"
"513","DB00697"
"514","DB00698"
"515","DB00699"
"516","DB00700"
"517","DB00701"
"518","DB00703"
"519","DB00704"
"520","DB00705"
"521","DB00706"
"522","DB00708"
"523","DB00709"
"524","DB00710"
"525","DB00711"
"526","DB00712"
"527","DB00713"
"528","DB00714"
"529","DB00715"
"530","DB00716"
"531","DB00717"
"532","DB00718"
"533","DB00719"
"534","DB00720"
"535","DB00721"
"536","DB00722"
"537","DB00723"
"538","DB00724"
"539","DB00725"
"540","DB00726"
"541","DB00727"
"542","DB00728"
"543","DB00730"
"544","DB00731"
"545","DB00732"
"546","DB00733"
"547","DB00734"
"548","DB00736"
"549","DB00737"
"550","DB00738"
"551","DB00739"
"552","DB00740"
"553","DB00741"
"554","DB00742"
"555","DB00743"
"556","DB00744"
"557","DB00745"
"558","DB00746"
"559","DB00747"
"560","DB00748"
"561","DB00749"
"562","DB00750"
"563","DB00751"
"564","DB00752"
"565","DB00753"
"566","DB00754"
"567","DB00755"
"568","DB00757"
"569","DB00758"
"570","DB00759"
"571","DB00760"
"572","DB00761"
"573","DB00762"
"574","DB00763"
"575","DB00764"
"576","DB00765"
"577","DB00766"
"578","DB00767"
"579","DB00769"
"580","DB00770"
"581","DB00771"
"582","DB00772"
"583","DB00773"
"584","DB00774"
"585","DB00775"
"586","DB00776"
"587","DB00777"
"588","DB00778"
"589","DB00779"
"590","DB00780"
"591","DB00781"
"592","DB00782"
"593","DB00783"
"594","DB00784"
"595","DB00787"
"596","DB00788"
"597","DB00789"
"598","DB00790"
"599","DB00791"
"600","DB00792"
"601","DB00793"
"602","DB00794"
"603","DB00795"
"604","DB00796"
"605","DB00797"
"606","DB00798"
"607","DB00799"
"608","DB00800"
"609","DB00801"
"610","DB00802"
"611","DB00803"
"612","DB00804"
"613","DB00805"
"614","DB00806"
"615","DB00807"
"616","DB00808"
"617","DB00809"
"618","DB00810"
"619","DB00811"
"620","DB00812"
"621","DB00813"
"622","DB00814"
"623","DB00816"
"624","DB00817"
"625","DB00818"
"626","DB00819"
"627","DB00820"
"628","DB00821"
"629","DB00822"
"630","DB00823"
"631","DB00825"
"632","DB00826"
"633","DB00827"
"634","DB00828"
"635","DB00829"
"636","DB00830"
"637","DB00831"
"638","DB00832"
"639","DB00833"
"640","DB00834"
"641","DB00835"
"642","DB00836"
"643","DB00837"
"644","DB00838"
"645","DB00839"
"646","DB00841"
"647","DB00842"
"648","DB00843"
"649","DB00844"
"650","DB00845"
"651","DB00846"
"652","DB00847"
"653","DB00849"
"654","DB00850"
"655","DB00851"
"656","DB00852"
"657","DB00853"
"658","DB00854"
"659","DB00855"
"660","DB00856"
"661","DB00857"
"662","DB00859"
"663","DB00860"
"664","DB00861"
"665","DB00862"
"666","DB00863"
"667","DB00864"
"668","DB00865"
"669","DB00866"
"670","DB00867"
"671","DB00868"
"672","DB00869"
"673","DB00870"
"674","DB00871"
"675","DB00872"
"676","DB00873"
"677","DB00875"
"678","DB00876"
"679","DB00877"
"680","DB00879"
"681","DB00880"
"682","DB00881"
"683","DB00882"
"684","DB00883"
"685","DB00884"
"686","DB00886"
"687","DB00887"
"688","DB00888"
"689","DB00889"
"690","DB00890"
"691","DB00891"
"692","DB00892"
"693","DB00894"
"694","DB00896"
"695","DB00897"
"696","DB00898"
"697","DB00899"
"698","DB00900"
"699","DB00901"
"700","DB00902"
"701","DB00903"
"702","DB00904"
"703","DB00905"
"704","DB00906"
"705","DB00907"
"706","DB00908"
"707","DB00909"
"708","DB00910"
"709","DB00911"
"710","DB00912"
"711","DB00914"
"712","DB00915"
"713","DB00916"
"714","DB00917"
"715","DB00918"
"716","DB00919"
"717","DB00920"
"718","DB00921"
"719","DB00922"
"720","DB00923"
"721","DB00924"
"722","DB00925"
"723","DB00926"
"724","DB00927"
"725","DB00928"
"726","DB00929"
"727","DB00931"
"728","DB00932"
"729","DB00933"
"730","DB00934"
"731","DB00935"
"732","DB00936"
"733","DB00937"
"734","DB00938"
"735","DB00939"
"736","DB00940"
"737","DB00941"
"738","DB00942"
"739","DB00943"
"740","DB00944"
"741","DB00945"
"742","DB00946"
"743","DB00947"
"744","DB00948"
"745","DB00949"
"746","DB00950"
"747","DB00951"
"748","DB00952"
"749","DB00953"
"750","DB00954"
"751","DB00955"
"752","DB00956"
"753","DB00957"
"754","DB00958"
"755","DB00959"
"756","DB00960"
"757","DB00961"
"758","DB00962"
"759","DB00963"
"760","DB00964"
"761","DB00966"
"762","DB00967"
"763","DB00968"
"764","DB00969"
"765","DB00970"
"766","DB00972"
"767","DB00973"
"768","DB00974"
"769","DB00975"
"770","DB00976"
"771","DB00977"
"772","DB00978"
"773","DB00979"
"774","DB00980"
"775","DB00981"
"776","DB00982"
"777","DB00983"
"778","DB00984"
"779","DB00985"
"780","DB00986"
"781","DB00987"
"782","DB00988"
"783","DB00989"
"784","DB00990"
"785","DB00991"
"786","DB00993"
"787","DB00995"
"788","DB00996"
"789","DB00997"
"790","DB00998"
"791","DB00999"
"792","DB01000"
"793","DB01001"
"794","DB01002"
"795","DB01004"
"796","DB01005"
"797","DB01006"
"798","DB01007"
"799","DB01008"
"800","DB01009"
"801","DB01010"
"802","DB01011"
"803","DB01012"
"804","DB01013"
"805","DB01014"
"806","DB01015"
"807","DB01016"
"808","DB01017"
"809","DB01018"
"810","DB01019"
"811","DB01020"
"812","DB01021"
"813","DB01022"
"814","DB01023"
"815","DB01024"
"816","DB01026"
"817","DB01028"
"818","DB01029"
"819","DB01030"
"820","DB01032"
"821","DB01033"
"822","DB01034"
"823","DB01035"
"824","DB01036"
"825","DB01037"
"826","DB01039"
"827","DB01041"
"828","DB01042"
"829","DB01043"
"830","DB01044"
"831","DB01045"
"832","DB01046"
"833","DB01047"
"834","DB01048"
"835","DB01050"
"836","DB01051"
"837","DB01053"
"838","DB01054"
"839","DB01056"
"840","DB01057"
"841","DB01058"
"842","DB01059"
"843","DB01060"
"844","DB01061"
"845","DB01062"
"846","DB01063"
"847","DB01064"
"848","DB01065"
"849","DB01066"
"850","DB01067"
"851","DB01068"
"852","DB01069"
"853","DB01070"
"854","DB01071"
"855","DB01072"
"856","DB01073"
"857","DB01074"
"858","DB01075"
"859","DB01076"
"860","DB01077"
"861","DB01078"
"862","DB01079"
"863","DB01080"
"864","DB01081"
"865","DB01082"
"866","DB01083"
"867","DB01084"
"868","DB01085"
"869","DB01086"
"870","DB01087"
"871","DB01088"
"872","DB01089"
"873","DB01090"
"874","DB01092"
"875","DB01093"
"876","DB01094"
"877","DB01095"
"878","DB01096"
"879","DB01097"
"880","DB01098"
"881","DB01099"
"882","DB01100"
"883","DB01101"
"884","DB01102"
"885","DB01103"
"886","DB01104"
"887","DB01105"
"888","DB01106"
"889","DB01107"
"890","DB01108"
"891","DB01110"
"892","DB01111"
"893","DB01112"
"894","DB01113"
"895","DB01114"
"896","DB01115"
"897","DB01116"
"898","DB01117"
"899","DB01118"
"900","DB01119"
"901","DB01120"
"902","DB01121"
"903","DB01122"
"904","DB01124"
"905","DB01126"
"906","DB01127"
"907","DB01128"
"908","DB01129"
"909","DB01130"
"910","DB01131"
"911","DB01132"
"912","DB01133"
"913","DB01134"
"914","DB01135"
"915","DB01136"
"916","DB01137"
"917","DB01138"
"918","DB01139"
"919","DB01140"
"920","DB01141"
"921","DB01142"
"922","DB01143"
"923","DB01144"
"924","DB01147"
"925","DB01148"
"926","DB01149"
"927","DB01150"
"928","DB01151"
"929","DB01152"
"930","DB01154"
"931","DB01155"
"932","DB01156"
"933","DB01157"
"934","DB01158"
"935","DB01159"
"936","DB01161"
"937","DB01162"
"938","DB01163"
"939","DB01164"
"940","DB01165"
"941","DB01166"
"942","DB01167"
"943","DB01168"
"944","DB01169"
"945","DB01170"
"946","DB01171"
"947","DB01172"
"948","DB01173"
"949","DB01174"
"950","DB01175"
"951","DB01176"
"952","DB01177"
"953","DB01178"
"954","DB01180"
"955","DB01181"
"956","DB01182"
"957","DB01183"
"958","DB01184"
"959","DB01185"
"960","DB01186"
"961","DB01189"
"962","DB01190"
"963","DB01191"
"964","DB01192"
"965","DB01193"
"966","DB01194"
"967","DB01195"
"968","DB01196"
"969","DB01197"
"970","DB01198"
"971","DB01199"
"972","DB01200"
"973","DB01201"
"974","DB01202"
"975","DB01203"
"976","DB01204"
"977","DB01205"
"978","DB01206"
"979","DB01207"
"980","DB01208"
"981","DB01209"
"982","DB01210"
"983","DB01211"
"984","DB01212"
"985","DB01213"
"986","DB01214"
"987","DB01215"
"988","DB01216"
"989","DB01217"
"990","DB01218"
"991","DB01219"
"992","DB01220"
"993","DB01221"
"994","DB01222"
"995","DB01223"
"996","DB01224"
"997","DB01226"
"998","DB01227"
"999","DB01228"
"1000","DB01229"
"1001","DB01231"
"1002","DB01232"
"1003","DB01233"
"1004","DB01234"
"1005","DB01235"
"1006","DB01236"
"1007","DB01238"
"1008","DB01239"
"1009","DB01240"
"1010","DB01241"
"1011","DB01242"
"1012","DB01243"
"1013","DB01244"
"1014","DB01245"
"1015","DB01246"
"1016","DB01247"
"1017","DB01248"
"1018","DB01249"
"1019","DB01250"
"1020","DB01251"
"1021","DB01252"
"1022","DB01253"
"1023","DB01254"
"1024","DB01255"
"1025","DB01256"
"1026","DB01259"
"1027","DB01260"
"1028","DB01261"
"1029","DB01262"
"1030","DB01263"
"1031","DB01264"
"1032","DB01267"
"1033","DB01268"
"1034","DB01273"
"1035","DB01274"
"1036","DB01275"
"1037","DB01278"
"1038","DB01280"
"1039","DB01282"
"1040","DB01283"
"1041","DB01284"
"1042","DB01288"
"1043","DB01289"
"1044","DB01291"
"1045","DB01294"
"1046","DB01295"
"1047","DB01296"
"1048","DB01297"
"1049","DB01298"
"1050","DB01299"
"1051","DB01301"
"1052","DB01303"
"1053","DB01319"
"1054","DB01320"
"1055","DB01321"
"1056","DB01324"
"1057","DB01325"
"1058","DB01326"
"1059","DB01327"
"1060","DB01328"
"1061","DB01329"
"1062","DB01330"
"1063","DB01331"
"1064","DB01332"
"1065","DB01333"
"1066","DB01336"
"1067","DB01337"
"1068","DB01338"
"1069","DB01339"
"1070","DB01340"
"1071","DB01342"
"1072","DB01345"
"1073","DB01347"
"1074","DB01348"
"1075","DB01349"
"1076","DB01351"
"1077","DB01352"
"1078","DB01353"
"1079","DB01354"
"1080","DB01355"
"1081","DB01356"
"1082","DB01357"
"1083","DB01359"
"1084","DB01362"
"1085","DB01364"
"1086","DB01365"
"1087","DB01366"
"1088","DB01367"
"1089","DB01369"
"1090","DB01370"
"1091","DB01373"
"1092","DB01377"
"1093","DB01378"
"1094","DB01380"
"1095","DB01382"
"1096","DB01384"
"1097","DB01388"
"1098","DB01390"
"1099","DB01392"
"1100","DB01393"
"1101","DB01394"
"1102","DB01395"
"1103","DB01396"
"1104","DB01397"
"1105","DB01399"
"1106","DB01400"
"1107","DB01401"
"1108","DB01403"
"1109","DB01405"
"1110","DB01406"
"1111","DB01407"
"1112","DB01408"
"1113","DB01409"
"1114","DB01410"
"1115","DB01411"
"1116","DB01412"
"1117","DB01413"
"1118","DB01414"
"1119","DB01415"
"1120","DB01416"
"1121","DB01418"
"1122","DB01419"
"1123","DB01420"
"1124","DB01421"
"1125","DB01422"
"1126","DB01423"
"1127","DB01424"
"1128","DB01426"
"1129","DB01427"
"1130","DB01428"
"1131","DB01429"
"1132","DB01431"
"1133","DB01433"
"1134","DB01434"
"1135","DB01435"
"1136","DB01436"
"1137","DB01437"
"1138","DB01438"
"1139","DB01440"
"1140","DB01442"
"1141","DB01445"
"1142","DB01450"
"1143","DB01452"
"1144","DB01454"
"1145","DB01456"
"1146","DB01459"
"1147","DB01463"
"1148","DB01466"
"1149","DB01467"
"1150","DB01471"
"1151","DB01472"
"1152","DB01481"
"1153","DB01482"
"1154","DB01483"
"1155","DB01484"
"1156","DB01485"
"1157","DB01488"
"1158","DB01489"
"1159","DB01495"
"1160","DB01496"
"1161","DB01497"
"1162","DB01501"
"1163","DB01509"
"1164","DB01511"
"1165","DB01521"
"1166","DB01524"
"1167","DB01525"
"1168","DB01529"
"1169","DB01531"
"1170","DB01534"
"1171","DB01535"
"1172","DB01536"
"1173","DB01537"
"1174","DB01541"
"1175","DB01543"
"1176","DB01544"
"1177","DB01545"
"1178","DB01547"
"1179","DB01550"
"1180","DB01551"
"1181","DB01553"
"1182","DB01554"
"1183","DB01555"
"1184","DB01556"
"1185","DB01558"
"1186","DB01559"
"1187","DB01560"
"1188","DB01562"
"1189","DB01563"
"1190","DB01564"
"1191","DB01565"
"1192","DB01566"
"1193","DB01567"
"1194","DB01569"
"1195","DB01572"
"1196","DB01575"
"1197","DB01576"
"1198","DB01577"
"1199","DB01579"
"1200","DB01580"
"1201","DB01581"
"1202","DB01582"
"1203","DB01583"
"1204","DB01586"
"1205","DB01587"
"1206","DB01588"
"1207","DB01589"
"1208","DB01590"
"1209","DB01591"
"1210","DB01592"
"1211","DB01593"
"1212","DB01594"
"1213","DB01595"
"1214","DB01597"
"1215","DB01598"
"1216","DB01599"
"1217","DB01600"
"1218","DB01601"
"1219","DB01602"
"1220","DB01603"
"1221","DB01604"
"1222","DB01605"
"1223","DB01606"
"1224","DB01607"
"1225","DB01608"
"1226","DB01609"
"1227","DB01610"
"1228","DB01611"
"1229","DB01612"
"1230","DB01613"
"1231","DB01614"
"1232","DB01615"
"1233","DB01616"
"1234","DB01618"
"1235","DB01620"
"1236","DB01621"
"1237","DB01622"
"1238","DB01623"
"1239","DB01624"
"1240","DB01625"
"1241","DB01626"
"1242","DB01627"
"1243","DB01628"
"1244","DB01629"
"1245","DB01638"
"1246","DB01645"
"1247","DB01650"
"1248","DB01656"
"1249","DB01667"
"1250","DB01669"
"1251","DB01685"
"1252","DB01698"
"1253","DB01700"
"1254","DB01708"
"1255","DB01764"
"1256","DB01783"
"1257","DB01816"
"1258","DB01873"
"1259","DB01878"
"1260","DB01892"
"1261","DB01910"
"1262","DB01933"
"1263","DB01942"
"1264","DB01954"
"1265","DB01978"
"1266","DB02031"
"1267","DB02032"
"1268","DB02056"
"1269","DB02058"
"1270","DB02067"
"1271","DB02105"
"1272","DB02109"
"1273","DB02115"
"1274","DB02123"
"1275","DB02134"
"1276","DB02136"
"1277","DB02165"
"1278","DB02187"
"1279","DB02207"
"1280","DB02224"
"1281","DB02234"
"1282","DB02237"
"1283","DB02245"
"1284","DB02247"
"1285","DB02261"
"1286","DB02266"
"1287","DB02282"
"1288","DB02300"
"1289","DB02304"
"1290","DB02342"
"1291","DB02365"
"1292","DB02369"
"1293","DB02377"
"1294","DB02423"
"1295","DB02424"
"1296","DB02489"
"1297","DB02513"
"1298","DB02520"
"1299","DB02527"
"1300","DB02546"
"1301","DB02552"
"1302","DB02567"
"1303","DB02568"
"1304","DB02640"
"1305","DB02659"
"1306","DB02691"
"1307","DB02699"
"1308","DB02703"
"1309","DB02709"
"1310","DB02756"
"1311","DB02789"
"1312","DB02806"
"1313","DB02845"
"1314","DB02852"
"1315","DB02860"
"1316","DB02901"
"1317","DB02925"
"1318","DB02948"
"1319","DB02959"
"1320","DB02968"
"1321","DB02975"
"1322","DB03010"
"1323","DB03034"
"1324","DB03128"
"1325","DB03166"
"1326","DB03172"
"1327","DB03255"
"1328","DB03256"
"1329","DB03313"
"1330","DB03322"
"1331","DB03374"
"1332","DB03410"
"1333","DB03419"
"1334","DB03424"
"1335","DB03450"
"1336","DB03451"
"1337","DB03459"
"1338","DB03467"
"1339","DB03496"
"1340","DB03509"
"1341","DB03515"
"1342","DB03523"
"1343","DB03553"
"1344","DB03566"
"1345","DB03575"
"1346","DB03585"
"1347","DB03600"
"1348","DB03604"
"1349","DB03615"
"1350","DB03619"
"1351","DB03695"
"1352","DB03701"
"1353","DB03756"
"1354","DB03758"
"1355","DB03783"
"1356","DB03793"
"1357","DB03819"
"1358","DB03825"
"1359","DB03866"
"1360","DB03880"
"1361","DB03902"
"1362","DB03938"
"1363","DB03946"
"1364","DB04017"
"1365","DB04066"
"1366","DB04070"
"1367","DB04076"
"1368","DB04106"
"1369","DB04124"
"1370","DB04160"
"1371","DB04165"
"1372","DB04209"
"1373","DB04216"
"1374","DB04222"
"1375","DB04249"
"1376","DB04250"
"1377","DB04253"
"1378","DB04258"
"1379","DB04263"
"1380","DB04297"
"1381","DB04325"
"1382","DB04331"
"1383","DB04339"
"1384","DB04348"
"1385","DB04356"
"1386","DB04365"
"1387","DB04440"
"1388","DB04468"
"1389","DB04519"
"1390","DB04540"
"1391","DB04552"
"1392","DB04557"
"1393","DB04570"
"1394","DB04572"
"1395","DB04573"
"1396","DB04574"
"1397","DB04575"
"1398","DB04576"
"1399","DB04581"
"1400","DB04599"
"1401","DB04626"
"1402","DB04630"
"1403","DB04652"
"1404","DB04655"
"1405","DB04665"
"1406","DB04682"
"1407","DB04688"
"1408","DB04690"
"1409","DB04695"
"1410","DB04707"
"1411","DB04725"
"1412","DB04729"
"1413","DB04741"
"1414","DB04743"
"1415","DB04744"
"1416","DB04785"
"1417","DB04786"
"1418","DB04789"
"1419","DB04794"
"1420","DB04796"
"1421","DB04808"
"1422","DB04812"
"1423","DB04816"
"1424","DB04817"
"1425","DB04818"
"1426","DB04819"
"1427","DB04820"
"1428","DB04821"
"1429","DB04823"
"1430","DB04824"
"1431","DB04825"
"1432","DB04827"
"1433","DB04828"
"1434","DB04829"
"1435","DB04830"
"1436","DB04831"
"1437","DB04832"
"1438","DB04833"
"1439","DB04834"
"1440","DB04835"
"1441","DB04836"
"1442","DB04838"
"1443","DB04839"
"1444","DB04840"
"1445","DB04841"
"1446","DB04842"
"1447","DB04843"
"1448","DB04844"
"1449","DB04845"
"1450","DB04846"
"1451","DB04847"
"1452","DB04849"
"1453","DB04850"
"1454","DB04851"
"1455","DB04854"
"1456","DB04855"
"1457","DB04856"
"1458","DB04858"
"1459","DB04861"
"1460","DB04864"
"1461","DB04865"
"1462","DB04866"
"1463","DB04868"
"1464","DB04871"
"1465","DB04872"
"1466","DB04876"
"1467","DB04878"
"1468","DB04879"
"1469","DB04880"
"1470","DB04881"
"1471","DB04884"
"1472","DB04885"
"1473","DB04888"
"1474","DB04889"
"1475","DB04890"
"1476","DB04891"
"1477","DB04892"
"1478","DB04894"
"1479","DB04896"
"1480","DB04898"
"1481","DB04903"
"1482","DB04905"
"1483","DB04908"
"1484","DB04911"
"1485","DB04917"
"1486","DB04918"
"1487","DB04920"
"1488","DB04930"
"1489","DB04934"
"1490","DB04938"
"1491","DB04946"
"1492","DB04948"
"1493","DB04951"
"1494","DB04952"
"1495","DB04953"
"1496","DB04957"
"1497","DB04960"
"1498","DB04961"
"1499","DB04975"
"1500","DB04977"
"1501","DB04996"
"1502","DB05015"
"1503","DB05016"
"1504","DB05018"
"1505","DB05022"
"1506","DB05034"
"1507","DB05039"
"1508","DB05076"
"1509","DB05087"
"1510","DB05088"
"1511","DB05095"
"1512","DB05107"
"1513","DB05109"
"1514","DB05129"
"1515","DB05137"
"1516","DB05143"
"1517","DB05152"
"1518","DB05154"
"1519","DB05168"
"1520","DB05212"
"1521","DB05219"
"1522","DB05223"
"1523","DB05229"
"1524","DB05232"
"1525","DB05239"
"1526","DB05245"
"1527","DB05246"
"1528","DB05260"
"1529","DB05265"
"1530","DB05266"
"1531","DB05271"
"1532","DB05288"
"1533","DB05294"
"1534","DB05295"
"1535","DB05316"
"1536","DB05351"
"1537","DB05381"
"1538","DB05383"
"1539","DB05395"
"1540","DB05424"
"1541","DB05428"
"1542","DB05465"
"1543","DB05467"
"1544","DB05482"
"1545","DB05521"
"1546","DB05524"
"1547","DB05540"
"1548","DB05541"
"1549","DB05542"
"1550","DB05562"
"1551","DB05575"
"1552","DB05607"
"1553","DB05667"
"1554","DB05668"
"1555","DB05676"
"1556","DB05708"
"1557","DB05710"
"1558","DB05767"
"1559","DB05779"
"1560","DB05786"
"1561","DB05804"
"1562","DB05812"
"1563","DB05814"
"1564","DB05830"
"1565","DB05875"
"1566","DB05885"
"1567","DB05903"
"1568","DB05928"
"1569","DB05974"
"1570","DB05990"
"1571","DB06011"
"1572","DB06013"
"1573","DB06016"
"1574","DB06021"
"1575","DB06040"
"1576","DB06045"
"1577","DB06077"
"1578","DB06117"
"1579","DB06119"
"1580","DB06127"
"1581","DB06144"
"1582","DB06145"
"1583","DB06148"
"1584","DB06149"
"1585","DB06150"
"1586","DB06151"
"1587","DB06152"
"1588","DB06153"
"1589","DB06154"
"1590","DB06155"
"1591","DB06159"
"1592","DB06160"
"1593","DB06163"
"1594","DB06174"
"1595","DB06176"
"1596","DB06190"
"1597","DB06191"
"1598","DB06193"
"1599","DB06194"
"1600","DB06195"
"1601","DB06196"
"1602","DB06199"
"1603","DB06200"
"1604","DB06201"
"1605","DB06202"
"1606","DB06203"
"1607","DB06204"
"1608","DB06206"
"1609","DB06207"
"1610","DB06209"
"1611","DB06210"
"1612","DB06211"
"1613","DB06212"
"1614","DB06213"
"1615","DB06215"
"1616","DB06216"
"1617","DB06217"
"1618","DB06218"
"1619","DB06228"
"1620","DB06230"
"1621","DB06233"
"1622","DB06234"
"1623","DB06235"
"1624","DB06237"
"1625","DB06240"
"1626","DB06246"
"1627","DB06250"
"1628","DB06251"
"1629","DB06255"
"1630","DB06262"
"1631","DB06263"
"1632","DB06264"
"1633","DB06266"
"1634","DB06267"
"1635","DB06268"
"1636","DB06272"
"1637","DB06282"
"1638","DB06283"
"1639","DB06287"
"1640","DB06288"
"1641","DB06290"
"1642","DB06292"
"1643","DB06302"
"1644","DB06334"
"1645","DB06335"
"1646","DB06358"
"1647","DB06365"
"1648","DB06370"
"1649","DB06374"
"1650","DB06395"
"1651","DB06401"
"1652","DB06402"
"1653","DB06403"
"1654","DB06406"
"1655","DB06410"
"1656","DB06412"
"1657","DB06413"
"1658","DB06414"
"1659","DB06419"
"1660","DB06420"
"1661","DB06421"
"1662","DB06433"
"1663","DB06436"
"1664","DB06440"
"1665","DB06441"
"1666","DB06442"
"1667","DB06445"
"1668","DB06446"
"1669","DB06448"
"1670","DB06458"
"1671","DB06461"
"1672","DB06468"
"1673","DB06469"
"1674","DB06470"
"1675","DB06478"
"1676","DB06479"
"1677","DB06480"
"1678","DB06506"
"1679","DB06510"
"1680","DB06512"
"1681","DB06517"
"1682","DB06527"
"1683","DB06529"
"1684","DB06535"
"1685","DB06543"
"1686","DB06554"
"1687","DB06575"
"1688","DB06579"
"1689","DB06582"
"1690","DB06587"
"1691","DB06589"
"1692","DB06590"
"1693","DB06594"
"1694","DB06595"
"1695","DB06600"
"1696","DB06603"
"1697","DB06605"
"1698","DB06608"
"1699","DB06616"
"1700","DB06623"
"1701","DB06624"
"1702","DB06626"
"1703","DB06635"
"1704","DB06636"
"1705","DB06637"
"1706","DB06652"
"1707","DB06654"
"1708","DB06660"
"1709","DB06663"
"1710","DB06670"
"1711","DB06678"
"1712","DB06684"
"1713","DB06685"
"1714","DB06690"
"1715","DB06691"
"1716","DB06693"
"1717","DB06694"
"1718","DB06695"
"1719","DB06696"
"1720","DB06697"
"1721","DB06698"
"1722","DB06699"
"1723","DB06700"
"1724","DB06701"
"1725","DB06702"
"1726","DB06704"
"1727","DB06705"
"1728","DB06706"
"1729","DB06707"
"1730","DB06708"
"1731","DB06709"
"1732","DB06710"
"1733","DB06711"
"1734","DB06712"
"1735","DB06713"
"1736","DB06714"
"1737","DB06715"
"1738","DB06716"
"1739","DB06717"
"1740","DB06718"
"1741","DB06719"
"1742","DB06721"
"1743","DB06723"
"1744","DB06724"
"1745","DB06725"
"1746","DB06726"
"1747","DB06727"
"1748","DB06728"
"1749","DB06729"
"1750","DB06730"
"1751","DB06731"
"1752","DB06732"
"1753","DB06733"
"1754","DB06735"
"1755","DB06736"
"1756","DB06737"
"1757","DB06738"
"1758","DB06739"
"1759","DB06741"
"1760","DB06742"
"1761","DB06748"
"1762","DB06749"
"1763","DB06753"
"1764","DB06756"
"1765","DB06762"
"1766","DB06763"
"1767","DB06764"
"1768","DB06766"
"1769","DB06767"
"1770","DB06769"
"1771","DB06770"
"1772","DB06771"
"1773","DB06772"
"1774","DB06774"
"1775","DB06777"
"1776","DB06780"
"1777","DB06781"
"1778","DB06782"
"1779","DB06783"
"1780","DB06786"
"1781","DB06787"
"1782","DB06788"
"1783","DB06789"
"1784","DB06791"
"1785","DB06792"
"1786","DB06793"
"1787","DB06795"
"1788","DB06796"
"1789","DB06797"
"1790","DB06799"
"1791","DB06800"
"1792","DB06802"
"1793","DB06803"
"1794","DB06804"
"1795","DB06807"
"1796","DB06809"
"1797","DB06810"
"1798","DB06813"
"1799","DB06814"
"1800","DB06817"
"1801","DB06819"
"1802","DB06820"
"1803","DB06821"
"1804","DB06823"
"1805","DB06824"
"1806","DB06825"
"1807","DB06826"
"1808","DB06827"
"1809","DB07232"
"1810","DB07348"
"1811","DB07374"
"1812","DB07402"
"1813","DB07447"
"1814","DB07477"
"1815","DB07565"
"1816","DB07615"
"1817","DB07637"
"1818","DB07706"
"1819","DB07715"
"1820","DB07720"
"1821","DB07767"
"1822","DB07768"
"1823","DB07780"
"1824","DB07841"
"1825","DB07931"
"1826","DB07954"
"1827","DB07996"
"1828","DB08059"
"1829","DB08162"
"1830","DB08167"
"1831","DB08313"
"1832","DB08329"
"1833","DB08382"
"1834","DB08399"
"1835","DB08437"
"1836","DB08439"
"1837","DB08455"
"1838","DB08486"
"1839","DB08496"
"1840","DB08502"
"1841","DB08550"
"1842","DB08619"
"1843","DB08621"
"1844","DB08633"
"1845","DB08735"
"1846","DB08736"
"1847","DB08794"
"1848","DB08795"
"1849","DB08797"
"1850","DB08798"
"1851","DB08799"
"1852","DB08801"
"1853","DB08804"
"1854","DB08805"
"1855","DB08806"
"1856","DB08807"
"1857","DB08808"
"1858","DB08810"
"1859","DB08811"
"1860","DB08814"
"1861","DB08815"
"1862","DB08816"
"1863","DB08819"
"1864","DB08820"
"1865","DB08822"
"1866","DB08824"
"1867","DB08826"
"1868","DB08827"
"1869","DB08828"
"1870","DB08830"
"1871","DB08833"
"1872","DB08834"
"1873","DB08836"
"1874","DB08837"
"1875","DB08838"
"1876","DB08839"
"1877","DB08840"
"1878","DB08841"
"1879","DB08844"
"1880","DB08846"
"1881","DB08858"
"1882","DB08860"
"1883","DB08861"
"1884","DB08864"
"1885","DB08865"
"1886","DB08867"
"1887","DB08868"
"1888","DB08871"
"1889","DB08872"
"1890","DB08873"
"1891","DB08874"
"1892","DB08875"
"1893","DB08877"
"1894","DB08878"
"1895","DB08880"
"1896","DB08881"
"1897","DB08882"
"1898","DB08883"
"1899","DB08884"
"1900","DB08887"
"1901","DB08889"
"1902","DB08890"
"1903","DB08892"
"1904","DB08893"
"1905","DB08895"
"1906","DB08896"
"1907","DB08897"
"1908","DB08899"
"1909","DB08901"
"1910","DB08903"
"1911","DB08905"
"1912","DB08906"
"1913","DB08907"
"1914","DB08908"
"1915","DB08909"
"1916","DB08910"
"1917","DB08911"
"1918","DB08912"
"1919","DB08913"
"1920","DB08916"
"1921","DB08918"
"1922","DB08922"
"1923","DB08925"
"1924","DB08927"
"1925","DB08930"
"1926","DB08931"
"1927","DB08932"
"1928","DB08933"
"1929","DB08934"
"1930","DB08936"
"1931","DB08938"
"1932","DB08940"
"1933","DB08941"
"1934","DB08942"
"1935","DB08950"
"1936","DB08951"
"1937","DB08952"
"1938","DB08953"
"1939","DB08954"
"1940","DB08955"
"1941","DB08957"
"1942","DB08958"
"1943","DB08960"
"1944","DB08961"
"1945","DB08962"
"1946","DB08964"
"1947","DB08965"
"1948","DB08970"
"1949","DB08971"
"1950","DB08972"
"1951","DB08976"
"1952","DB08980"
"1953","DB08981"
"1954","DB08983"
"1955","DB08984"
"1956","DB08985"
"1957","DB08986"
"1958","DB08987"
"1959","DB08991"
"1960","DB08992"
"1961","DB08993"
"1962","DB08994"
"1963","DB08995"
"1964","DB08996"
"1965","DB08997"
"1966","DB08999"
"1967","DB09000"
"1968","DB09001"
"1969","DB09007"
"1970","DB09008"
"1971","DB09009"
"1972","DB09010"
"1973","DB09011"
"1974","DB09013"
"1975","DB09014"
"1976","DB09015"
"1977","DB09017"
"1978","DB09020"
"1979","DB09021"
"1980","DB09022"
"1981","DB09023"
"1982","DB09026"
"1983","DB09027"
"1984","DB09030"
"1985","DB09031"
"1986","DB09034"
"1987","DB09038"
"1988","DB09039"
"1989","DB09042"
"1990","DB09047"
"1991","DB09048"
"1992","DB09049"
"1993","DB09050"
"1994","DB09053"
"1995","DB09054"
"1996","DB09055"
"1997","DB09060"
"1998","DB09061"
"1999","DB09062"
"2000","DB09063"
"2001","DB09064"
"2002","DB09065"
"2003","DB09068"
"2004","DB09070"
"2005","DB09071"
"2006","DB09072"
"2007","DB09073"
"2008","DB09074"
"2009","DB09075"
"2010","DB09076"
"2011","DB09078"
"2012","DB09079"
"2013","DB09080"
"2014","DB09081"
"2015","DB09082"
"2016","DB09083"
"2017","DB09084"
"2018","DB09085"
"2019","DB09087"
"2020","DB09089"
"2021","DB09090"
"2022","DB09091"
"2023","DB09093"
"2024","DB09095"
"2025","DB09097"
"2026","DB09099"
"2027","DB09101"
"2028","DB09102"
"2029","DB09104"
"2030","DB09112"
"2031","DB09116"
"2032","DB09117"
"2033","DB09118"
"2034","DB09119"
"2035","DB09121"
"2036","DB09123"
"2037","DB09124"
"2038","DB09125"
"2039","DB09128"
"2040","DB09129"
"2041","DB09130"
"2042","DB09132"
"2043","DB09133"
"2044","DB09134"
"2045","DB09135"
"2046","DB09136"
"2047","DB09137"
"2048","DB09139"
"2049","DB09143"
"2050","DB09146"
"2051","DB09147"
"2052","DB09148"
"2053","DB09149"
"2054","DB09154"
"2055","DB09156"
"2056","DB09161"
"2057","DB09165"
"2058","DB09166"
"2059","DB09167"
"2060","DB09173"
"2061","DB09174"
"2062","DB09183"
"2063","DB09184"
"2064","DB09185"
"2065","DB09186"
"2066","DB09187"
"2067","DB09190"
"2068","DB09194"
"2069","DB09195"
"2070","DB09198"
"2071","DB09199"
"2072","DB09200"
"2073","DB09201"
"2074","DB09202"
"2075","DB09203"
"2076","DB09204"
"2077","DB09205"
"2078","DB09206"
"2079","DB09209"
"2080","DB09210"
"2081","DB09211"
"2082","DB09212"
"2083","DB09213"
"2084","DB09214"
"2085","DB09215"
"2086","DB09216"
"2087","DB09217"
"2088","DB09218"
"2089","DB09219"
"2090","DB09220"
"2091","DB09221"
"2092","DB09223"
"2093","DB09224"
"2094","DB09225"
"2095","DB09226"
"2096","DB09227"
"2097","DB09229"
"2098","DB09230"
"2099","DB09231"
"2100","DB09232"
"2101","DB09234"
"2102","DB09235"
"2103","DB09236"
"2104","DB09237"
"2105","DB09238"
"2106","DB09239"
"2107","DB09240"
"2108","DB09241"
"2109","DB09242"
"2110","DB09243"
"2111","DB09244"
"2112","DB09245"
"2113","DB09246"
"2114","DB09247"
"2115","DB09248"
"2116","DB09249"
"2117","DB09250"
"2118","DB09251"
"2119","DB09252"
"2120","DB09253"
"2121","DB09254"
"2122","DB09256"
"2123","DB09257"
"2124","DB09262"
"2125","DB09267"
"2126","DB09268"
"2127","DB09269"
"2128","DB09270"
"2129","DB09271"
"2130","DB09272"
"2131","DB09273"
"2132","DB09274"
"2133","DB09275"
"2134","DB09276"
"2135","DB09277"
"2136","DB09279"
"2137","DB09280"
"2138","DB09281"
"2139","DB09282"
"2140","DB09283"
"2141","DB09285"
"2142","DB09286"
"2143","DB09288"
"2144","DB09289"
"2145","DB09290"
"2146","DB09291"
"2147","DB09292"
"2148","DB09293"
"2149","DB09295"
"2150","DB09296"
"2151","DB09297"
"2152","DB09298"
"2153","DB09299"
"2154","DB09300"
"2155","DB09304"
"2156","DB09305"
"2157","DB09307"
"2158","DB09308"
"2159","DB09309"
"2160","DB09319"
"2161","DB09320"
"2162","DB09321"
"2163","DB09322"
"2164","DB09324"
"2165","DB09325"
"2166","DB09327"
"2167","DB09330"
"2168","DB09338"
"2169","DB09342"
"2170","DB09343"
"2171","DB09345"
"2172","DB09351"
"2173","DB09352"
"2174","DB09357"
"2175","DB09371"
"2176","DB09374"
"2177","DB09378"
"2178","DB09383"
"2179","DB09389"
"2180","DB09394"
"2181","DB09395"
"2182","DB09401"
"2183","DB09407"
"2184","DB09409"
"2185","DB09413"
"2186","DB09414"
"2187","DB09418"
"2188","DB09421"
"2189","DB09449"
"2190","DB09462"
"2191","DB09472"
"2192","DB09477"
"2193","DB09480"
"2194","DB09481"
"2195","DB09483"
"2196","DB09484"
"2197","DB09488"
"2198","DB09496"
"2199","DB09499"
"2200","DB09501"
"2201","DB09502"
"2202","DB09511"
"2203","DB09517"
"2204","DB09543"
"2205","DB09546"
"2206","DB09555"
"2207","DB09570"
"2208","DB11079"
"2209","DB11081"
"2210","DB11085"
"2211","DB11089"
"2212","DB11090"
"2213","DB11091"
"2214","DB11093"
"2215","DB11098"
"2216","DB11100"
"2217","DB11102"
"2218","DB11107"
"2219","DB11110"
"2220","DB11126"
"2221","DB11127"
"2222","DB11135"
"2223","DB11136"
"2224","DB11145"
"2225","DB11148"
"2226","DB11153"
"2227","DB11154"
"2228","DB11156"
"2229","DB11164"
"2230","DB11171"
"2231","DB11175"
"2232","DB11181"
"2233","DB11189"
"2234","DB11201"
"2235","DB11210"
"2236","DB11235"
"2237","DB11239"
"2238","DB11248"
"2239","DB11256"
"2240","DB11268"
"2241","DB11273"
"2242","DB11274"
"2243","DB11275"
"2244","DB11278"
"2245","DB11281"
"2246","DB11282"
"2247","DB11315"
"2248","DB11323"
"2249","DB11328"
"2250","DB11342"
"2251","DB11348"
"2252","DB11362"
"2253","DB11363"
"2254","DB11364"
"2255","DB11365"
"2256","DB11366"
"2257","DB11367"
"2258","DB11371"
"2259","DB11372"
"2260","DB11373"
"2261","DB11375"
"2262","DB11376"
"2263","DB11377"
"2264","DB11383"
"2265","DB11389"
"2266","DB11390"
"2267","DB11397"
"2268","DB11400"
"2269","DB11401"
"2270","DB11404"
"2271","DB11405"
"2272","DB11408"
"2273","DB11411"
"2274","DB11412"
"2275","DB11413"
"2276","DB11416"
"2277","DB11417"
"2278","DB11423"
"2279","DB11425"
"2280","DB11426"
"2281","DB11428"
"2282","DB11429"
"2283","DB11432"
"2284","DB11442"
"2285","DB11443"
"2286","DB11447"
"2287","DB11448"
"2288","DB11454"
"2289","DB11455"
"2290","DB11458"
"2291","DB11459"
"2292","DB11461"
"2293","DB11462"
"2294","DB11463"
"2295","DB11464"
"2296","DB11466"
"2297","DB11467"
"2298","DB11468"
"2299","DB11470"
"2300","DB11471"
"2301","DB11473"
"2302","DB11474"
"2303","DB11475"
"2304","DB11477"
"2305","DB11478"
"2306","DB11481"
"2307","DB11485"
"2308","DB11487"
"2309","DB11491"
"2310","DB11493"
"2311","DB11502"
"2312","DB11507"
"2313","DB11511"
"2314","DB11512"
"2315","DB11518"
"2316","DB11519"
"2317","DB11520"
"2318","DB11525"
"2319","DB11526"
"2320","DB11529"
"2321","DB11537"
"2322","DB11540"
"2323","DB11541"
"2324","DB11543"
"2325","DB11544"
"2326","DB11549"
"2327","DB11552"
"2328","DB11554"
"2329","DB11555"
"2330","DB11556"
"2331","DB11560"
"2332","DB11573"
"2333","DB11574"
"2334","DB11575"
"2335","DB11576"
"2336","DB11577"
"2337","DB11581"
"2338","DB11582"
"2339","DB11586"
"2340","DB11587"
"2341","DB11590"
"2342","DB11591"
"2343","DB11593"
"2344","DB11596"
"2345","DB11609"
"2346","DB11613"
"2347","DB11614"
"2348","DB11616"
"2349","DB11617"
"2350","DB11618"
"2351","DB11619"
"2352","DB11622"
"2353","DB11630"
"2354","DB11632"
"2355","DB11633"
"2356","DB11636"
"2357","DB11637"
"2358","DB11638"
"2359","DB11640"
"2360","DB11641"
"2361","DB11642"
"2362","DB11644"
"2363","DB11651"
"2364","DB11652"
"2365","DB11660"
"2366","DB11662"
"2367","DB11664"
"2368","DB11669"
"2369","DB11672"
"2370","DB11674"
"2371","DB11675"
"2372","DB11678"
"2373","DB11679"
"2374","DB11682"
"2375","DB11686"
"2376","DB11688"
"2377","DB11689"
"2378","DB11691"
"2379","DB11693"
"2380","DB11694"
"2381","DB11697"
"2382","DB11698"
"2383","DB11699"
"2384","DB11703"
"2385","DB11708"
"2386","DB11712"
"2387","DB11716"
"2388","DB11717"
"2389","DB11718"
"2390","DB11720"
"2391","DB11723"
"2392","DB11730"
"2393","DB11732"
"2394","DB11737"
"2395","DB11738"
"2396","DB11739"
"2397","DB11742"
"2398","DB11744"
"2399","DB11750"
"2400","DB11751"
"2401","DB11752"
"2402","DB11753"
"2403","DB11755"
"2404","DB11757"
"2405","DB11760"
"2406","DB11761"
"2407","DB11763"
"2408","DB11770"
"2409","DB11774"
"2410","DB11779"
"2411","DB11780"
"2412","DB11783"
"2413","DB11785"
"2414","DB11789"
"2415","DB11791"
"2416","DB11792"
"2417","DB11793"
"2418","DB11795"
"2419","DB11796"
"2420","DB11799"
"2421","DB11800"
"2422","DB11805"
"2423","DB11809"
"2424","DB11812"
"2425","DB11817"
"2426","DB11823"
"2427","DB11824"
"2428","DB11827"
"2429","DB11828"
"2430","DB11830"
"2431","DB11832"
"2432","DB11837"
"2433","DB11841"
"2434","DB11853"
"2435","DB11855"
"2436","DB11859"
"2437","DB11860"
"2438","DB11868"
"2439","DB11869"
"2440","DB11871"
"2441","DB11880"
"2442","DB11886"
"2443","DB11889"
"2444","DB11891"
"2445","DB11892"
"2446","DB11894"
"2447","DB11898"
"2448","DB11901"
"2449","DB11903"
"2450","DB11904"
"2451","DB11907"
"2452","DB11912"
"2453","DB11915"
"2454","DB11918"
"2455","DB11919"
"2456","DB11921"
"2457","DB11932"
"2458","DB11935"
"2459","DB11936"
"2460","DB11942"
"2461","DB11943"
"2462","DB11950"
"2463","DB11951"
"2464","DB11952"
"2465","DB11957"
"2466","DB11960"
"2467","DB11963"
"2468","DB11964"
"2469","DB11967"
"2470","DB11973"
"2471","DB11978"
"2472","DB11979"
"2473","DB11984"
"2474","DB11986"
"2475","DB11989"
"2476","DB11992"
"2477","DB11994"
"2478","DB11995"
"2479","DB11999"
"2480","DB12001"
"2481","DB12005"
"2482","DB12007"
"2483","DB12010"
"2484","DB12015"
"2485","DB12016"
"2486","DB12020"
"2487","DB12025"
"2488","DB12026"
"2489","DB12028"
"2490","DB12035"
"2491","DB12036"
"2492","DB12048"
"2493","DB12051"
"2494","DB12054"
"2495","DB12062"
"2496","DB12070"
"2497","DB12071"
"2498","DB12073"
"2499","DB12080"
"2500","DB12081"
"2501","DB12082"
"2502","DB12083"
"2503","DB12085"
"2504","DB12086"
"2505","DB12092"
"2506","DB12093"
"2507","DB12095"
"2508","DB12097"
"2509","DB12100"
"2510","DB12105"
"2511","DB12107"
"2512","DB12108"
"2513","DB12110"
"2514","DB12111"
"2515","DB12112"
"2516","DB12116"
"2517","DB12124"
"2518","DB12127"
"2519","DB12130"
"2520","DB12131"
"2521","DB12141"
"2522","DB12146"
"2523","DB12147"
"2524","DB12151"
"2525","DB12156"
"2526","DB12161"
"2527","DB12163"
"2528","DB12174"
"2529","DB12177"
"2530","DB12184"
"2531","DB12185"
"2532","DB12193"
"2533","DB12194"
"2534","DB12212"
"2535","DB12214"
"2536","DB12218"
"2537","DB12221"
"2538","DB12222"
"2539","DB12229"
"2540","DB12230"
"2541","DB12231"
"2542","DB12232"
"2543","DB12235"
"2544","DB12236"
"2545","DB12245"
"2546","DB12248"
"2547","DB12255"
"2548","DB12257"
"2549","DB12259"
"2550","DB12265"
"2551","DB12266"
"2552","DB12267"
"2553","DB12268"
"2554","DB12273"
"2555","DB12278"
"2556","DB12279"
"2557","DB12286"
"2558","DB12289"
"2559","DB12301"
"2560","DB12307"
"2561","DB12308"
"2562","DB12313"
"2563","DB12314"
"2564","DB12319"
"2565","DB12321"
"2566","DB12323"
"2567","DB12327"
"2568","DB12329"
"2569","DB12332"
"2570","DB12338"
"2571","DB12339"
"2572","DB12340"
"2573","DB12343"
"2574","DB12352"
"2575","DB12361"
"2576","DB12364"
"2577","DB12371"
"2578","DB12376"
"2579","DB12377"
"2580","DB12379"
"2581","DB12381"
"2582","DB12382"
"2583","DB12385"
"2584","DB12391"
"2585","DB12395"
"2586","DB12399"
"2587","DB12401"
"2588","DB12404"
"2589","DB12406"
"2590","DB12412"
"2591","DB12417"
"2592","DB12422"
"2593","DB12425"
"2594","DB12427"
"2595","DB12445"
"2596","DB12447"
"2597","DB12455"
"2598","DB12457"
"2599","DB12459"
"2600","DB12461"
"2601","DB12465"
"2602","DB12466"
"2603","DB12471"
"2604","DB12473"
"2605","DB12474"
"2606","DB12478"
"2607","DB12480"
"2608","DB12482"
"2609","DB12483"
"2610","DB12487"
"2611","DB12492"
"2612","DB12500"
"2613","DB12513"
"2614","DB12515"
"2615","DB12518"
"2616","DB12523"
"2617","DB12526"
"2618","DB12531"
"2619","DB12532"
"2620","DB12537"
"2621","DB12539"
"2622","DB12543"
"2623","DB12545"
"2624","DB12548"
"2625","DB12549"
"2626","DB12551"
"2627","DB12554"
"2628","DB12565"
"2629","DB12576"
"2630","DB12577"
"2631","DB12582"
"2632","DB12590"
"2633","DB12593"
"2634","DB12596"
"2635","DB12597"
"2636","DB12598"
"2637","DB12604"
"2638","DB12610"
"2639","DB12612"
"2640","DB12615"
"2641","DB12617"
"2642","DB12625"
"2643","DB12629"
"2644","DB12637"
"2645","DB12638"
"2646","DB12645"
"2647","DB12649"
"2648","DB12661"
"2649","DB12667"
"2650","DB12670"
"2651","DB12671"
"2652","DB12674"
"2653","DB12677"
"2654","DB12681"
"2655","DB12692"
"2656","DB12693"
"2657","DB12695"
"2658","DB12697"
"2659","DB12704"
"2660","DB12710"
"2661","DB12712"
"2662","DB12713"
"2663","DB12725"
"2664","DB12730"
"2665","DB12736"
"2666","DB12749"
"2667","DB12752"
"2668","DB12766"
"2669","DB12769"
"2670","DB12770"
"2671","DB12771"
"2672","DB12779"
"2673","DB12781"
"2674","DB12783"
"2675","DB12789"
"2676","DB12799"
"2677","DB12821"
"2678","DB12825"
"2679","DB12829"
"2680","DB12831"
"2681","DB12832"
"2682","DB12833"
"2683","DB12836"
"2684","DB12843"
"2685","DB12846"
"2686","DB12866"
"2687","DB12867"
"2688","DB12870"
"2689","DB12873"
"2690","DB12874"
"2691","DB12877"
"2692","DB12881"
"2693","DB12883"
"2694","DB12884"
"2695","DB12887"
"2696","DB12890"
"2697","DB12901"
"2698","DB12902"
"2699","DB12912"
"2700","DB12916"
"2701","DB12920"
"2702","DB12921"
"2703","DB12923"
"2704","DB12924"
"2705","DB12926"
"2706","DB12927"
"2707","DB12930"
"2708","DB12935"
"2709","DB12939"
"2710","DB12941"
"2711","DB12942"
"2712","DB12945"
"2713","DB12947"
"2714","DB12948"
"2715","DB12951"
"2716","DB12952"
"2717","DB12958"
"2718","DB12967"
"2719","DB12975"
"2720","DB12978"
"2721","DB12987"
"2722","DB12989"
"2723","DB12991"
"2724","DB12996"
"2725","DB13001"
"2726","DB13003"
"2727","DB13005"
"2728","DB13014"
"2729","DB13025"
"2730","DB13028"
"2731","DB13036"
"2732","DB13044"
"2733","DB13046"
"2734","DB13055"
"2735","DB13058"
"2736","DB13064"
"2737","DB13066"
"2738","DB13068"
"2739","DB13069"
"2740","DB13070"
"2741","DB13074"
"2742","DB13077"
"2743","DB13082"
"2744","DB13092"
"2745","DB13097"
"2746","DB13099"
"2747","DB13104"
"2748","DB13108"
"2749","DB13114"
"2750","DB13124"
"2751","DB13125"
"2752","DB13132"
"2753","DB13136"
"2754","DB13139"
"2755","DB13142"
"2756","DB13143"
"2757","DB13145"
"2758","DB13153"
"2759","DB13154"
"2760","DB13156"
"2761","DB13158"
"2762","DB13160"
"2763","DB13164"
"2764","DB13166"
"2765","DB13167"
"2766","DB13169"
"2767","DB13170"
"2768","DB13174"
"2769","DB13178"
"2770","DB13179"
"2771","DB13180"
"2772","DB13182"
"2773","DB13185"
"2774","DB13191"
"2775","DB13203"
"2776","DB13208"
"2777","DB13209"
"2778","DB13211"
"2779","DB13213"
"2780","DB13214"
"2781","DB13217"
"2782","DB13219"
"2783","DB13221"
"2784","DB13223"
"2785","DB13225"
"2786","DB13230"
"2787","DB13231"
"2788","DB13232"
"2789","DB13233"
"2790","DB13234"
"2791","DB13240"
"2792","DB13243"
"2793","DB13246"
"2794","DB13248"
"2795","DB13249"
"2796","DB13251"
"2797","DB13252"
"2798","DB13253"
"2799","DB13254"
"2800","DB13255"
"2801","DB13256"
"2802","DB13257"
"2803","DB13259"
"2804","DB13261"
"2805","DB13264"
"2806","DB13266"
"2807","DB13269"
"2808","DB13270"
"2809","DB13273"
"2810","DB13274"
"2811","DB13275"
"2812","DB13277"
"2813","DB13280"
"2814","DB13283"
"2815","DB13284"
"2816","DB13286"
"2817","DB13294"
"2818","DB13300"
"2819","DB13303"
"2820","DB13304"
"2821","DB13307"
"2822","DB13310"
"2823","DB13312"
"2824","DB13313"
"2825","DB13314"
"2826","DB13316"
"2827","DB13317"
"2828","DB13318"
"2829","DB13320"
"2830","DB13322"
"2831","DB13323"
"2832","DB13324"
"2833","DB13327"
"2834","DB13328"
"2835","DB13331"
"2836","DB13334"
"2837","DB13335"
"2838","DB13337"
"2839","DB13338"
"2840","DB13339"
"2841","DB13341"
"2842","DB13345"
"2843","DB13346"
"2844","DB13347"
"2845","DB13351"
"2846","DB13352"
"2847","DB13354"
"2848","DB13357"
"2849","DB13358"
"2850","DB13359"
"2851","DB13362"
"2852","DB13364"
"2853","DB13367"
"2854","DB13368"
"2855","DB13369"
"2856","DB13370"
"2857","DB13371"
"2858","DB13374"
"2859","DB13377"
"2860","DB13378"
"2861","DB13380"
"2862","DB13381"
"2863","DB13382"
"2864","DB13384"
"2865","DB13386"
"2866","DB13393"
"2867","DB13394"
"2868","DB13396"
"2869","DB13398"
"2870","DB13399"
"2871","DB13400"
"2872","DB13401"
"2873","DB13402"
"2874","DB13403"
"2875","DB13405"
"2876","DB13406"
"2877","DB13407"
"2878","DB13408"
"2879","DB13409"
"2880","DB13410"
"2881","DB13411"
"2882","DB13413"
"2883","DB13414"
"2884","DB13418"
"2885","DB13420"
"2886","DB13423"
"2887","DB13429"
"2888","DB13430"
"2889","DB13432"
"2890","DB13433"
"2891","DB13435"
"2892","DB13437"
"2893","DB13443"
"2894","DB13448"
"2895","DB13449"
"2896","DB13451"
"2897","DB13452"
"2898","DB13453"
"2899","DB13454"
"2900","DB13455"
"2901","DB13456"
"2902","DB13457"
"2903","DB13459"
"2904","DB13460"
"2905","DB13461"
"2906","DB13467"
"2907","DB13468"
"2908","DB13470"
"2909","DB13472"
"2910","DB13478"
"2911","DB13481"
"2912","DB13485"
"2913","DB13486"
"2914","DB13488"
"2915","DB13491"
"2916","DB13495"
"2917","DB13496"
"2918","DB13499"
"2919","DB13500"
"2920","DB13501"
"2921","DB13502"
"2922","DB13504"
"2923","DB13505"
"2924","DB13506"
"2925","DB13507"
"2926","DB13508"
"2927","DB13509"
"2928","DB13510"
"2929","DB13514"
"2930","DB13520"
"2931","DB13522"
"2932","DB13523"
"2933","DB13524"
"2934","DB13526"
"2935","DB13527"
"2936","DB13528"
"2937","DB13530"
"2938","DB13532"
"2939","DB13533"
"2940","DB13534"
"2941","DB13537"
"2942","DB13538"
"2943","DB13540"
"2944","DB13541"
"2945","DB13542"
"2946","DB13543"
"2947","DB13544"
"2948","DB13546"
"2949","DB13547"
"2950","DB13550"
"2951","DB13552"
"2952","DB13554"
"2953","DB13555"
"2954","DB13556"
"2955","DB13557"
"2956","DB13559"
"2957","DB13563"
"2958","DB13569"
"2959","DB13571"
"2960","DB13572"
"2961","DB13573"
"2962","DB13575"
"2963","DB13577"
"2964","DB13578"
"2965","DB13580"
"2966","DB13581"
"2967","DB13583"
"2968","DB13584"
"2969","DB13587"
"2970","DB13588"
"2971","DB13590"
"2972","DB13592"
"2973","DB13595"
"2974","DB13598"
"2975","DB13601"
"2976","DB13602"
"2977","DB13603"
"2978","DB13604"
"2979","DB13605"
"2980","DB13606"
"2981","DB13609"
"2982","DB13612"
"2983","DB13615"
"2984","DB13616"
"2985","DB13617"
"2986","DB13619"
"2987","DB13620"
"2988","DB13623"
"2989","DB13624"
"2990","DB13626"
"2991","DB13627"
"2992","DB13629"
"2993","DB13631"
"2994","DB13634"
"2995","DB13635"
"2996","DB13636"
"2997","DB13637"
"2998","DB13638"
"2999","DB13642"
"3000","DB13643"
"3001","DB13644"
"3002","DB13645"
"3003","DB13648"
"3004","DB13649"
"3005","DB13650"
"3006","DB13651"
"3007","DB13652"
"3008","DB13653"
"3009","DB13654"
"3010","DB13657"
"3011","DB13660"
"3012","DB13662"
"3013","DB13663"
"3014","DB13664"
"3015","DB13665"
"3016","DB13666"
"3017","DB13667"
"3018","DB13668"
"3019","DB13673"
"3020","DB13675"
"3021","DB13676"
"3022","DB13677"
"3023","DB13678"
"3024","DB13679"
"3025","DB13682"
"3026","DB13683"
"3027","DB13685"
"3028","DB13686"
"3029","DB13687"
"3030","DB13689"
"3031","DB13690"
"3032","DB13691"
"3033","DB13692"
"3034","DB13693"
"3035","DB13694"
"3036","DB13695"
"3037","DB13699"
"3038","DB13703"
"3039","DB13705"
"3040","DB13707"
"3041","DB13708"
"3042","DB13710"
"3043","DB13718"
"3044","DB13719"
"3045","DB13720"
"3046","DB13722"
"3047","DB13724"
"3048","DB13725"
"3049","DB13726"
"3050","DB13728"
"3051","DB13733"
"3052","DB13737"
"3053","DB13738"
"3054","DB13739"
"3055","DB13742"
"3056","DB13744"
"3057","DB13745"
"3058","DB13746"
"3059","DB13749"
"3060","DB13751"
"3061","DB13754"
"3062","DB13756"
"3063","DB13757"
"3064","DB13759"
"3065","DB13760"
"3066","DB13762"
"3067","DB13766"
"3068","DB13767"
"3069","DB13769"
"3070","DB13770"
"3071","DB13772"
"3072","DB13773"
"3073","DB13775"
"3074","DB13777"
"3075","DB13778"
"3076","DB13779"
"3077","DB13780"
"3078","DB13781"
"3079","DB13782"
"3080","DB13783"
"3081","DB13784"
"3082","DB13786"
"3083","DB13787"
"3084","DB13791"
"3085","DB13792"
"3086","DB13795"
"3087","DB13799"
"3088","DB13800"
"3089","DB13801"
"3090","DB13803"
"3091","DB13804"
"3092","DB13805"
"3093","DB13812"
"3094","DB13814"
"3095","DB13816"
"3096","DB13817"
"3097","DB13821"
"3098","DB13823"
"3099","DB13824"
"3100","DB13829"
"3101","DB13832"
"3102","DB13835"
"3103","DB13836"
"3104","DB13837"
"3105","DB13841"
"3106","DB13843"
"3107","DB13844"
"3108","DB13849"
"3109","DB13850"
"3110","DB13851"
"3111","DB13852"
"3112","DB13854"
"3113","DB13856"
"3114","DB13857"
"3115","DB13860"
"3116","DB13862"
"3117","DB13863"
"3118","DB13866"
"3119","DB13867"
"3120","DB13868"
"3121","DB13872"
"3122","DB13873"
"3123","DB13874"
"3124","DB13875"
"3125","DB13876"
"3126","DB13877"
"3127","DB13878"
"3128","DB13879"
"3129","DB13909"
"3130","DB13910"
"3131","DB13912"
"3132","DB13916"
"3133","DB13917"
"3134","DB13919"
"3135","DB13928"
"3136","DB13929"
"3137","DB13940"
"3138","DB13941"
"3139","DB13943"
"3140","DB13944"
"3141","DB13946"
"3142","DB13947"
"3143","DB13948"
"3144","DB13949"
"3145","DB13950"
"3146","DB13951"
"3147","DB13952"
"3148","DB13953"
"3149","DB13954"
"3150","DB13955"
"3151","DB13956"
"3152","DB13958"
"3153","DB13967"
"3154","DB13977"
"3155","DB13981"
"3156","DB13984"
"3157","DB13987"
"3158","DB13989"
"3159","DB13993"
"3160","DB13995"
"3161","DB13996"
"3162","DB14006"
"3163","DB14007"
"3164","DB14010"
"3165","DB14011"
"3166","DB14018"
"3167","DB14019"
"3168","DB14025"
"3169","DB14026"
"3170","DB14027"
"3171","DB14028"
"3172","DB14029"
"3173","DB14031"
"3174","DB14033"
"3175","DB14035"
"3176","DB14043"
"3177","DB14048"
"3178","DB14049"
"3179","DB14050"
"3180","DB14051"
"3181","DB14052"
"3182","DB14055"
"3183","DB14056"
"3184","DB14057"
"3185","DB14058"
"3186","DB14059"
"3187","DB14060"
"3188","DB14063"
"3189","DB14064"
"3190","DB14065"
"3191","DB14066"
"3192","DB14067"
"3193","DB14068"
"3194","DB14069"
"3195","DB14071"
"3196","DB14074"
"3197","DB14077"
"3198","DB14093"
"3199","DB14094"
"3200","DB14125"
"3201","DB14126"
"3202","DB14132"
"3203","DB14184"
"3204","DB14185"
"3205","DB14207"
"3206","DB14208"
"3207","DB14209"
"3208","DB14210"
"3209","DB14213"
"3210","DB14217"
"3211","DB14219"
"3212","DB14232"
"3213","DB14479"
"3214","DB14481"
"3215","DB14482"
"3216","DB14483"
"3217","DB14485"
"3218","DB14486"
"3219","DB14487"
"3220","DB14488"
"3221","DB14489"
"3222","DB14490"
"3223","DB14491"
"3224","DB14492"
"3225","DB14493"
"3226","DB14498"
"3227","DB14499"
"3228","DB14500"
"3229","DB14502"
"3230","DB14506"
"3231","DB14507"
"3232","DB14509"
"3233","DB14512"
"3234","DB14513"
"3235","DB14514"
"3236","DB14515"
"3237","DB14516"
"3238","DB14517"
"3239","DB14520"
"3240","DB14523"
"3241","DB14526"
"3242","DB14527"
"3243","DB14528"
"3244","DB14529"
"3245","DB14530"
"3246","DB14532"
"3247","DB14533"
"3248","DB14538"
"3249","DB14539"
"3250","DB14540"
"3251","DB14541"
"3252","DB14542"
"3253","DB14543"
"3254","DB14544"
"3255","DB14545"
"3256","DB14546"
"3257","DB14568"
"3258","DB14569"
"3259","DB14570"
"3260","DB14575"
"3261","DB14577"
"3262","DB14579"
"3263","DB14583"
"3264","DB14627"
"3265","DB14631"
"3266","DB14633"
"3267","DB14634"
"3268","DB14635"
"3269","DB14642"
"3270","DB14643"
"3271","DB14644"
"3272","DB14646"
"3273","DB14649"
"3274","DB14651"
"3275","DB14652"
"3276","DB14655"
"3277","DB14659"
"3278","DB14669"
"3279","DB14672"
"3280","DB14674"
"3281","DB14678"
"3282","DB14679"
"3283","DB14680"
"3284","DB14681"
"3285","DB14695"
"3286","DB14715"
"3287","DB14718"
"3288","DB14719"
"3289","DB14723"
"3290","DB14725"
"3291","DB14726"
"3292","DB14733"
"3293","DB14737"
"3294","DB14752"
"3295","DB14754"
"3296","DB14761"
"3297","DB14763"
"3298","DB14765"
"3299","DB14766"
"3300","DB14777"
"3301","DB14783"
"3302","DB14792"
"3303","DB14840"
"3304","DB14844"
"3305","DB14845"
"3306","DB14860"
"3307","DB14881"
"3308","DB14895"
"3309","DB14921"
"3310","DB14924"
"3311","DB14938"
"3312","DB14973"
"3313","DB14975"
"3314","DB14989"
"3315","DB15011"
"3316","DB15031"
"3317","DB15035"
"3318","DB15057"
"3319","DB15091"
"3320","DB15097"
"3321","DB15102"
"3322","DB15114"
"3323","DB15122"
"3324","DB15130"
"3325","DB15133"
"3326","DB15149"
"3327","DB15157"
"3328","DB15203"
"3329","DB15213"
"3330","DB15215"
"3331","DB15233"
"3332","DB15245"
"3333","DB15289"
"3334","DB15300"
"3335","DB15305"
"3336","DB15317"
"3337","DB15321"
"3338","DB15328"
"3339","DB15334"
"3340","DB15335"
"3341","DB15351"
"3342","DB15357"
"3343","DB15360"
"3344","DB15366"
"3345","DB15413"
"3346","DB15419"
"3347","DB15442"
"3348","DB15444"
"3349","DB15456"
"3350","DB15463"
"3351","DB15465"
"3352","DB15466"
"3353","DB15477"
"3354","DB15488"
"3355","DB15490"
"3356","DB15565"
"3357","DB15566"
"3358","DB15568"
"3359","DB15569"
"3360","DB15575"
"3361","DB15598"
"3362","DB15614"
"3363","DB15617"
"3364","DB15623"
"3365","DB15641"
"3366","DB15646"
"3367","DB15657"
"3368","DB15669"
"3369","DB15673"
"3370","DB15685"
"3371","DB15688"
"3372","DB15690"
"3373","DB15694"
"3374","DB15763"
"3375","DB15775"
"3376","DB15777"
"3377","DB15821"
"3378","DB15822"
"3379","DB15825"
"3380","DB15861"
"3381","DB15880"
"3382","DB15959"
"3383","DB15975"
"3384","DB15982"
"3385","DB16001"
"3386","DB16002"
"3387","DB16003"
"3388","DB16021"
"3389","DB16098"
"3390","DB16165"
"3391","DB16200"
"3392","DB16217"
"3393","DB16226"
"3394","DB16236"
"3395","DB16250"
"3396","DB16267"
"3397","DB16390"
"3398","DB16623"
"3399","DB16625"
"3400","DB16629"
"3401","DB16650"
"3402","DB16690"
"3403","DB16691"
"3404","DB16703"
"3405","DB16704"
"3406","DB16741"
"3407","DB16826"
"3408","DB17083"
"3409","DB17472"
"3410","DB18002"
